{
"lengthUnit": "mil",
"components": {
	"fields": ["COMPONENT_NO", "COMPONENT_NAME", "LAYER", "X_COORDINATE", "Y_COORDINATE", "ANGLE"],
	"rows": [
		[1, "C29", "B", 943.5, 218.84, 180],
		[2, "FPCL1", "B", 417.99, 1447.37, 180],
		[3, "FPCR1", "B", 417.99, 187.53, 0],
		[4, "R1", "B", 943.7, 283.41, 180],
		[5, "R2", "B", 943.06, 346.59, 0],
		[6, "SCREW6", "T", 969.17, 1545.8, 90],
		[7, "SCREW8", "T", 969.17, 89.1, 90],
		[8, "U27", "B", 915.55, 473.45, 90]
	]
},
"pins": {
	"fields": ["PIN_NO", "PIN_NAME", "PIN_X", "PIN_Y", "LAYER", "PIN_TYPE", "NET_NAME", "NET_TYPE", "PAD_SHAPE", "PAD_SIZEX", "PAD_SIZEY", "HOLE_SIZE", "PAD_ANGLE"],
	"rows": [
		[1, "C29_1", 971.06, 218.84, "B", "SMD", "GND", "GND", "R", 31.5, 35.43, 0, 180],
		[2, "C29_2", 915.94, 218.84, "B", "SMD", "NET6", "", "R", 31.5, 35.43, 0, 180],
		[3, "FPCL1_1", 634.45, 1397.12, "B", "SMD", "NET1", "", "R", 11.81, 49.21, 0, 180],
		[4, "FPCL1_2", 595.08, 1397.12, "B", "SMD", "GND", "GND", "R", 11.81, 49.21, 0, 180],
		[5, "FPCL1_3", 555.71, 1397.12, "B", "SMD", "VCC", "", "R", 11.81, 49.21, 0, 180],
		[6, "FPCL1_4", 516.34, 1397.12, "B", "SMD", "NET4", "", "R", 11.81, 49.21, 0, 180],
		[7, "FPCL1_5", 476.97, 1397.12, "B", "SMD", "NET5", "", "R", 11.81, 49.21, 0, 180],
		[8, "FPCL1_6", 437.6, 1397.12, "B", "SMD", "NET6", "", "R", 11.81, 49.21, 0, 180],
		[9, "FPCL1_7", 398.23, 1397.12, "B", "SMD", "NET7", "", "R", 11.81, 49.21, 0, 180],
		[10, "FPCL1_8", 358.86, 1397.12, "B", "SMD", "NET8", "", "R", 11.81, 49.21, 0, 180],
		[11, "FPCL1_9", 319.57, 1397.22, "B", "SMD", "NET9", "", "R", 11.81, 49.21, 0, 180],
		[12, "FPCL1_10", 280.24, 1397.22, "B", "SMD", "NET21", "", "R", 11.81, 49.21, 0, 180],
		[13, "FPCL1_11", 240.83, 1397.22, "B", "SMD", "NET20", "", "R", 11.81, 49.21, 0, 180],
		[14, "FPCL1_12", 201.46, 1397.22, "B", "SMD", "NET19", "", "R", 11.81, 49.21, 0, 180],
		[15, "FPCL1_13", 729.01, 1497.62, "B", "SMD", "FPCL1_13", "", "R", 70.87, 86.61, 0, 0],
		[16, "FPCL1_14", 106.97, 1497.62, "B", "SMD", "FPCL1_14", "", "R", 70.87, 86.61, 0, 0],
		[17, "FPCR1_1", 201.53, 237.78, "B", "SMD", "NET16", "", "R", 11.81, 49.21, 0, 0],
		[18, "FPCR1_2", 240.9, 237.78, "B", "SMD", "NET15", "", "R", 11.81, 49.21, 0, 0],
		[19, "FPCR1_3", 280.27, 237.78, "B", "SMD", "NET14", "", "R", 11.81, 49.21, 0, 0],
		[20, "FPCR1_4", 319.64, 237.78, "B", "SMD", "NET13", "", "R", 11.81, 49.21, 0, 0],
		[21, "FPCR1_5", 359.01, 237.78, "B", "SMD", "NET12", "", "R", 11.81, 49.21, 0, 0],
		[22, "FPCR1_6", 398.38, 237.78, "B", "SMD", "NET11", "", "R", 11.81, 49.21, 0, 0],
		[23, "FPCR1_7", 437.75, 237.78, "B", "SMD", "NET10", "", "R", 11.81, 49.21, 0, 0],
		[24, "FPCR1_8", 477.12, 237.78, "B", "SMD", "NET26", "", "R", 11.81, 49.21, 0, 0],
		[25, "FPCR1_9", 516.41, 237.68, "B", "SMD", "NET25", "", "R", 11.81, 49.21, 0, 0],
		[26, "FPCR1_10", 555.74, 237.68, "B", "SMD", "NET24", "", "R", 11.81, 49.21, 0, 0],
		[27, "FPCR1_11", 595.15, 237.68, "B", "SMD", "NET23", "", "R", 11.81, 49.21, 0, 0],
		[28, "FPCR1_12", 634.52, 237.68, "B", "SMD", "NET22", "", "R", 11.81, 49.21, 0, 0],
		[29, "FPCR1_13", 106.97, 137.28, "B", "SMD", "FPCR1_13", "", "R", 70.87, 86.61, 0, 180],
		[30, "FPCR1_14", 729.01, 137.28, "B", "SMD", "FPCR1_14", "", "R", 70.87, 86.61, 0, 180],
		[31, "R1_1", 973.36, 283.41, "B", "SMD", "GND", "GND", "R", 31.75, 34.02, 0, 180],
		[32, "R1_2", 914.04, 283.41, "B", "SMD", "NET6", "", "R", 31.75, 34.02, 0, 180],
		[33, "R2_1", 913.4, 346.59, "B", "SMD", "NET6", "", "R", 31.75, 34.02, 0, 0],
		[34, "R2_2", 972.72, 346.59, "B", "SMD", "VCC", "", "R", 31.75, 34.02, 0, 0],
		[35, "SCREW6_1", 969.17, 1545.8, "T", "DIP", "SCREW6_1", "", "C", 78.74, 78.74, 78.74, 90],
		[36, "SCREW6_1", 969.17, 1545.8, "B", "DIP", "SCREW6_1", "", "C", 78.74, 78.74, 78.74, 90],
		[37, "SCREW8_1", 969.17, 89.1, "T", "DIP", "SCREW8_1", "", "C", 78.74, 78.74, 78.74, 90],
		[38, "SCREW8_1", 969.17, 89.1, "B", "DIP", "SCREW8_1", "", "C", 78.74, 78.74, 78.74, 90],
		[39, "U27_1", 915.55, 473.45, "B", "SMD", "NET1", "", "R", 60, 78.74, 0, 0],
		[40, "U27_1", 915.55, 523.45, "T", "DIP", "NET1", "", "C", 60, 60, 36, 90],
		[41, "U27_1", 915.55, 523.45, "B", "DIP", "NET1", "", "C", 60, 60, 36, 90],
		[42, "U27_2", 815.55, 473.45, "B", "SMD", "GND", "GND", "R", 60, 78.74, 0, 0],
		[43, "U27_2", 815.55, 523.45, "T", "DIP", "GND", "GND", "C", 60, 60, 36, 0],
		[44, "U27_2", 815.55, 523.45, "B", "DIP", "GND", "GND", "C", 60, 60, 36, 0],
		[45, "U27_3", 715.55, 473.45, "B", "SMD", "VCC", "", "R", 60, 78.74, 0, 0],
		[46, "U27_3", 715.55, 523.45, "T", "DIP", "VCC", "", "C", 60, 60, 36, 0],
		[47, "U27_3", 715.55, 523.45, "B", "DIP", "VCC", "", "C", 60, 60, 36, 0],
		[48, "U27_4", 615.55, 473.45, "B", "SMD", "NET4", "", "R", 60, 78.74, 0, 0],
		[49, "U27_4", 615.55, 523.45, "T", "DIP", "NET4", "", "C", 60, 60, 36, 0],
		[50, "U27_4", 615.55, 523.45, "B", "DIP", "NET4", "", "C", 60, 60, 36, 0],
		[51, "U27_5", 515.55, 473.45, "B", "SMD", "NET5", "", "R", 60, 78.74, 0, 0],
		[52, "U27_5", 515.55, 523.45, "T", "DIP", "NET5", "", "C", 60, 60, 36, 0],
		[53, "U27_5", 515.55, 523.45, "B", "DIP", "NET5", "", "C", 60, 60, 36, 0],
		[54, "U27_6", 415.55, 473.45, "B", "SMD", "NET6", "", "R", 60, 78.74, 0, 0],
		[55, "U27_6", 415.55, 523.45, "T", "DIP", "NET6", "", "C", 60, 60, 36, 0],
		[56, "U27_6", 415.55, 523.45, "B", "DIP", "NET6", "", "C", 60, 60, 36, 0],
		[57, "U27_7", 315.55, 473.45, "B", "SMD", "NET7", "", "R", 60, 78.74, 0, 0],
		[58, "U27_7", 315.55, 523.45, "T", "DIP", "NET7", "", "C", 60, 60, 36, 0],
		[59, "U27_7", 315.55, 523.45, "B", "DIP", "NET7", "", "C", 60, 60, 36, 0],
		[60, "U27_8", 215.55, 473.45, "B", "SMD", "NET8", "", "R", 60, 78.74, 0, 0],
		[61, "U27_8", 215.55, 523.45, "T", "DIP", "NET8", "", "C", 60, 60, 36, 0],
		[62, "U27_8", 215.55, 523.45, "B", "DIP", "NET8", "", "C", 60, 60, 36, 0],
		[63, "U27_9", 115.55, 473.45, "B", "SMD", "NET9", "", "R", 60, 78.74, 0, 0],
		[64, "U27_9", 115.55, 523.45, "T", "DIP", "NET9", "", "C", 60, 60, 36, 0],
		[65, "U27_9", 115.55, 523.45, "B", "DIP", "NET9", "", "C", 60, 60, 36, 0],
		[66, "U27_10", 115.55, 1182.11, "B", "SMD", "NET10", "", "R", 60, 78.74, 0, 0],
		[67, "U27_10", 115.55, 1124.63, "T", "DIP", "NET10", "", "C", 60, 60, 36, 0],
		[68, "U27_10", 115.55, 1124.63, "B", "DIP", "NET10", "", "C", 60, 60, 36, 0],
		[69, "U27_11", 215.55, 1182.11, "B", "SMD", "NET11", "", "R", 60, 78.74, 0, 0],
		[70, "U27_11", 215.55, 1124.63, "T", "DIP", "NET11", "", "C", 60, 60, 36, 0],
		[71, "U27_11", 215.55, 1124.63, "B", "DIP", "NET11", "", "C", 60, 60, 36, 0],
		[72, "U27_12", 315.55, 1182.11, "B", "SMD", "NET12", "", "R", 60, 78.74, 0, 0],
		[73, "U27_12", 315.55, 1124.63, "T", "DIP", "NET12", "", "C", 60, 60, 36, 0],
		[74, "U27_12", 315.55, 1124.63, "B", "DIP", "NET12", "", "C", 60, 60, 36, 0],
		[75, "U27_13", 415.55, 1182.11, "B", "SMD", "NET13", "", "R", 60, 78.74, 0, 0],
		[76, "U27_13", 415.55, 1124.63, "T", "DIP", "NET13", "", "C", 60, 60, 36, 0],
		[77, "U27_13", 415.55, 1124.63, "B", "DIP", "NET13", "", "C", 60, 60, 36, 0],
		[78, "U27_14", 515.55, 1182.11, "B", "SMD", "NET14", "", "R", 60, 78.74, 0, 0],
		[79, "U27_14", 515.55, 1124.63, "T", "DIP", "NET14", "", "C", 60, 60, 36, 0],
		[80, "U27_14", 515.55, 1124.63, "B", "DIP", "NET14", "", "C", 60, 60, 36, 0],
		[81, "U27_15", 615.55, 1182.11, "B", "SMD", "NET15", "", "R", 60, 78.74, 0, 0],
		[82, "U27_15", 615.55, 1124.63, "T", "DIP", "NET15", "", "C", 60, 60, 36, 0],
		[83, "U27_15", 615.55, 1124.63, "B", "DIP", "NET15", "", "C", 60, 60, 36, 0],
		[84, "U27_16", 715.55, 1182.11, "B", "SMD", "NET16", "", "R", 60, 78.74, 0, 0],
		[85, "U27_16", 715.55, 1124.63, "T", "DIP", "NET16", "", "C", 60, 60, 36, 0],
		[86, "U27_16", 715.55, 1124.63, "B", "DIP", "NET16", "", "C", 60, 60, 36, 0],
		[87, "U27_17", 815.55, 1182.11, "B", "SMD", "U27_17", "", "R", 60, 78.74, 0, 0],
		[88, "U27_17", 815.55, 1124.63, "T", "DIP", "U27_A_17", "", "C", 60, 60, 36, 0],
		[89, "U27_17", 815.55, 1124.63, "B", "DIP", "U27_A_17", "", "C", 60, 60, 36, 0],
		[90, "U27_18", 915.55, 1182.11, "B", "SMD", "U27_18", "", "R", 60, 78.74, 0, 0],
		[91, "U27_18", 915.55, 1123.45, "T", "DIP", "U27_A_18", "", "C", 60, 60, 36, 90],
		[92, "U27_18", 915.55, 1123.45, "B", "DIP", "U27_A_18", "", "C", 60, 60, 36, 90],
		[93, "U27_19", 190.55, 1038.45, "T", "DIP", "NET19", "", "C", 43.31, 43.31, 27.56, 90],
		[94, "U27_19", 190.55, 1038.45, "B", "DIP", "NET19", "", "C", 43.31, 43.31, 27.56, 90],
		[95, "U27_20", 250.55, 1038.45, "T", "DIP", "NET20", "", "C", 43.31, 43.31, 27.56, 90],
		[96, "U27_20", 250.55, 1038.45, "B", "DIP", "NET20", "", "C", 43.31, 43.31, 27.56, 90],
		[97, "U27_21", 315.55, 1038.45, "T", "DIP", "NET21", "", "C", 43.31, 43.31, 27.56, 90],
		[98, "U27_21", 315.55, 1038.45, "B", "DIP", "NET21", "", "C", 43.31, 43.31, 27.56, 90],
		[99, "U27_22", 378.87, 1038.45, "T", "DIP", "NET22", "", "C", 43.31, 43.31, 27.56, 90],
		[100, "U27_22", 378.87, 1038.45, "B", "DIP", "NET22", "", "C", 43.31, 43.31, 27.56, 90],
		[101, "U27_23", 440.55, 1038.45, "T", "DIP", "NET23", "", "C", 43.31, 43.31, 27.56, 90],
		[102, "U27_23", 440.55, 1038.45, "B", "DIP", "NET23", "", "C", 43.31, 43.31, 27.56, 90],
		[103, "U27_24", 505.55, 1038.45, "T", "DIP", "NET24", "", "C", 43.31, 43.31, 27.56, 90],
		[104, "U27_24", 505.55, 1038.45, "B", "DIP", "NET24", "", "C", 43.31, 43.31, 27.56, 90],
		[105, "U27_25", 566.34, 1038.45, "T", "DIP", "NET25", "", "C", 43.31, 43.31, 27.56, 90],
		[106, "U27_25", 566.34, 1038.45, "B", "DIP", "NET25", "", "C", 43.31, 43.31, 27.56, 90],
		[107, "U27_26", 630.87, 1038.45, "T", "DIP", "NET26", "", "C", 43.31, 43.31, 27.56, 90],
		[108, "U27_26", 630.87, 1038.45, "B", "DIP", "NET26", "", "C", 43.31, 43.31, 27.56, 90]
	]
}
}